,0,1,2,3,4,5,6,7,8,9,10,11,12,13,14
0,0.0,0.0,0.0,0.0,0.0,0.0,0.0,0.0,0.0,0.0,0.0,0.0,0.0,0.0,0.0
1,0.0016970562748476448,0.007641989269817145,0.0063513778032802375,0.0021840329667841894,0.007746612162745739,0.004123105625617616,0.013140015220691312,0.00524785670536084,0.004031128874149254,0.004716990566028277,0.007920227269466378,0.004275511665286376,0.011438968484963995,0.008309632964217,0.0015297058540778847
2,0.003324938334457668,0.014898021243285826,0.012815122847757144,0.003910300616947425,0.015545330006083841,0.008774986965462802,0.0256819448967818,0.010531794630809915,0.007608837638148945,0.009492972140532095,0.01588263896442415,0.009320310967538162,0.022537166536900154,0.016215327114637877,0.0031421574037374172
3,0.004952820394067541,0.02190159176124309,0.019315122847757122,0.0050283346056973054,0.023476282029643174,0.013917943313712398,0.03778566333369192,0.01603270364659998,0.01087380318161181,0.014081000039313864,0.023754741606031436,0.015048312364186002,0.033052393591034596,0.023607890945948444,0.004888582323394739
4,0.00645282039406762,0.0285506518451948,0.02579663501699664,0.005660790137731017,0.03139714056896835,0.019284506459711873,0.04920582095081797,0.02148889279288147,0.013780691552361588,0.018738252448191953,0.03184980182816696,0.021025770017737394,0.04287939720353008,0.030585712955716177,0.006713411082484022
5,0.007794461180567371,0.03485699785536583,0.0324674670490598,0.0061993066184444084,0.039387760069357486,0.024743444085294337,0.05980770757537677,0.02699252795520827,0.016463973125361287,0.023229354762769015,0.04003820826654056,0.02697387896092266,0.051763090129335214,0.036976331079184355,0.008513411082484268
6,0.009198028065329258,0.04080510679855104,0.03897899528749969,0.007023927743568065,0.04745001781765605,0.03035147404241838,0.06943371401626386,0.032363747556006635,0.018748705057120507,0.027684688644758055,0.04839105209364528,0.03251012317518921,0.059946610154361174,0.043115549270452705,0.010285415597151253
7,0.010986882447329116,0.04643538210265474,0.04555546850648261,0.008547082364740723,0.05551599574968638,0.03612035608316069,0.07785392779027216,0.03734069441125836,0.020403999592845185,0.03201366080914083,0.056657248316818266,0.03753207498698511,0.0674632583435476,0.04912886782180187,0.012031840516808404
8,0.01353639220412554,0.05172782955161445,0.05213498216632104,0.010694173420099123,0.0636627742541015,0.04190049448980809,0.08543614382517914,0.0420841109015109,0.02164093128053047,0.036224361463426266,0.06493734493461198,0.04225859590622362,0.07445253584555026,0.05554135563855439,0.013740641265871722
9,0.01703639220412551,0.05665225845251251,0.05865418457152366,0.013249559887935218,0.07196036426566509,0.04794449978431275,0.09229544408103625,0.046425769570729365,0.02254093128053048,0.04032558079430824,0.07287711823112372,0.046962849300759286,0.08088759606282866,0.06197952307968229,0.015443579902464396
10,0.02142729188414555,0.061214056343695325,0.06512024983565454,0.016134000908306585,0.08012920751302878,0.0541814862361178,0.098660976266172,0.05040697541820826,0.023584961931421542,0.04443045594466299,0.08045933426603075,0.05189944731963829,0.08682813475894038,0.06829933320341237,0.016956854497506606
11,0.026886229509727966,0.06546258550094493,0.0714210434364639,0.01921458526845643,0.08843884047724575,0.06041847268792287,0.10474209458437635,0.054239728997555636,0.024884961931421524,0.04835091510144553,0.08760985872232059,0.05680250758849082,0.09250087660041345,0.07390022598938849,0.01785685449750673
12,0.03319336832221666,0.06944504705129291,0.0776892170141498,0.02232906756893589,0.09668505172848103,0.06679656017556365,0.1106834748953815,0.05797335993807457,0.026105617492994882,0.05229679903283534,0.09448663122110222,0.06170556785734324,0.09801630949366855,0.078726197394194,0.018422539922455905
13,0.040454910858069446,0.07308097884383243,0.08379495202313936,0.02565923273000518,0.1048685717535069,0.0729520455341686,0.11657329662443236,0.06152441611898745,0.02751983105536798,0.05608229767898479,0.10117094120792958,0.06651077336803686,0.10360647943741803,0.08284930301981164,0.018738767688472883
14,0.04834731226701974,0.07644252610662677,0.08970088124723266,0.029079759005302616,0.11303741500087068,0.07903316385237287,0.12197699905887499,0.06494494239428483,0.028660006480467112,0.05981860601743875,0.10787168743502995,0.0710813313208475,0.10946651356701148,0.0867119446029772,0.019163031757184607
15,0.056778207830362894,0.07953121514892289,0.09551465798873214,0.032751270955439775,0.12112938633052825,0.08505396114176898,0.12661704216212294,0.06849177196447857,0.029741671863106344,0.06345866096207892,0.1148243847533374,0.07572029672274472,0.11622669107947377,0.09051983115590923,0.019523586884731152
16,0.06561732543338192,0.08244669109634552,0.10112268794585613,0.03674376391097525,0.12908048688328194,0.09095734999902731,0.1305616587467862,0.07198032467298102,0.030881847288205436,0.06708357475415729,0.12211616094299114,0.08043728728877306,0.12409879372108101,0.09437988296903296,0.020062103365444645
17,0.07467933404074921,0.08505437205842656,0.10656511387553125,0.040941382283338296,0.13694496397969463,0.09667748985745728,0.13431931759239737,0.075565014338768,0.032052317279277445,0.07061910866009014,0.12982394921200843,0.08557246011936016,0.1327318696503196,0.09833968094367758,0.02098405781117394
18,0.08400242365739456,0.08760975852626274,0.11175741586983011,0.045442493257309,0.14459349325008375,0.10211807806095144,0.13831181054793285,0.07920094613130757,0.033484099385605044,0.07422465993555413,0.13811189226200582,0.09110509059680932,0.1418104157894324,0.10228049304272524,0.02218821726905312
19,0.093364581528313,0.08994213928420085,0.11668184477072815,0.050095449306961776,0.15202114429196775,0.10719843237930365,0.14238366516223316,0.08268949883981001,0.03498742902344234,0.07772465993555405,0.1469736076715639,0.09715818897697795,0.15079985403662005,0.10613924931904026,0.023769356099137346
20,0.10289873067755545,0.09224431217084508,0.121419987866921,0.055068376010624254,0.15916327282623538,0.11161883960036376,0.14645551977653368,0.08601365286752898,0.03622436071112766,0.08126302113814489,0.15632454345361274,0.10373466219596096,0.15920758857096406,0.11007498304987101,0.025679853416591635
21,0.11256516745643111,0.09440764293612346,0.12592997678043288,0.06016052683321389,0.1660943622067008,0.11538314564530744,0.15044801273206915,0.08902197465882723,0.03722436071112763,0.08480138234073564,0.16622807817612462,0.11065781176822928,0.16681021969446336,0.11396985146870117,0.027915921394091624
22,0.12232272862713355,0.09660991449067803,0.1301299767804329,0.06541028873257662,0.17260589044514066,0.11849441548252822,0.15446422985767372,0.0917385902002684,0.03830602609376683,0.08834821191092945,0.17655280577543694,0.11754620780794711,0.1738337515695245,0.1180009803428505,0.0300560148499949
23,0.13212170816584062,0.09880308571062414,0.13416110565458217,0.07055227278544951,0.1789090642488684,0.12115712087366715,0.15797563983088964,0.09414690911602693,0.039383059055193737,0.09195376318639335,0.1872490668044133,0.12412648135849193,0.1801622585024432,0.12222116991205219,0.0324973259731415
24,0.1421536571290282,0.10107024252037508,0.1380662304925355,0.07578677371677056,0.18473486891432028,0.12352777479189313,0.1610643288731857,0.09613939500054408,0.040839081033049854,0.09567532199957907,0.19838863591636738,0.13020101837788695,0.18598720485412748,0.12646381059917156,0.03509155032735603
25,0.15233059183452768,0.10349098620775714,0.14167178176799947,0.0809954203740126,0.19021665694378653,0.125868714774037,0.16376618009040697,0.09772053383062825,0.04246696309265982,0.09947663756132878,0.2095407657577922,0.13575529600868647,0.19120735810858275,0.13090453126140647,0.03786463525212838
26,0.16261893475260736,0.10604637267559326,0.14520731567393222,0.08609934043608265,0.19535669585414508,0.1284648657711864,0.1668902799607697,0.0992469675828756,0.04466923464721438,0.1032462529263228,0.2206294987782956,0.140630744705986,0.19576805980897935,0.1356899257070086,0.04050471100861722
27,0.17289755333683351,0.10886949151829192,0.14856737519721452,0.09102478457849245,0.20021673700623424,0.13118515987293353,0.17051381414716837,0.10077667343695348,0.047398703460005596,0.10716798723654834,0.2315775579670285,0.1451028806609856,0.20016123633627708,0.14059400564110425,0.04323417982140845
28,0.18330187936017595,0.11197110400214609,0.1518200663906726,0.09553699024756378,0.20459965840639643,0.13415837362239721,0.17482774506919305,0.1026766734369535,0.05062670593831939,0.11119415166438784,0.24205849303981658,0.14912780302048526,0.20468892890534576,0.14544477877535822,0.04631476418155836
29,0.19378281443296402,0.11539163027744348,0.15526099649748967,0.09971550673071905,0.20862209547862023,0.13724544343048384,0.17965371647399847,0.10477905304111636,0.05429413010249785,0.11539177003675091,0.2519630374513481,0.1527952271846637,0.20979774481512367,0.1500491245486468,0.049628372486714485
30,0.20409057849700823,0.11905905444162188,0.15874954920599213,0.10369671257819799,0.21236642452399004,0.14032602779063372,0.18498757061523627,0.10718737195687478,0.05845586051183479,0.11963441072387017,0.2613123689782543,0.15624921039249778,0.2154704866565968,0.15456133021771812,0.0535283724867145
31,0.2143086996550294,0.12328871163813329,0.1623551004814561,0.10745570180404057,0.21569508791940864,0.14345012766099638,0.19078584622096587,0.10988922317409608,0.0629111943938239,0.12406272868896705,0.2702129307582769,0.15938130234517095,0.22148463663809873,0.15948575911861623,0.058056065055783236
32,0.22438937423563166,0.1277987005516451,0.16612073455820867,0.11098982121345494,0.218857365579577,0.14642334141046007,0.19655472826170836,0.11279611154484581,0.06781527432791956,0.12846727179807627,0.27855139584485006,0.16220972946991716,0.22756739916839697,0.16495659086525222,0.063100864358035
33,0.23422044742221712,0.13269972085358225,0.17023169551642756,0.11450123118667085,0.22165915072480138,0.1493302297812098,0.20193989306884283,0.11589772402869997,0.07297666948814517,0.13316833550749346,0.28667851095416164,0.1647177167107141,0.2334470250068326,0.17108602803354092,0.06817038110028957
34,0.24372413091863052,0.13810064670013852,0.17463169551642763,0.1177997156871651,0.22426683168688244,0.15202095459062454,0.20686432196974083,0.11910396793707623,0.07794154612306771,0.13787258890202903,0.2947308398098406,0.16702639598683713,0.23896970551542623,0.1777710859988843,0.07278448989831351
35,0.2529029107939734,0.1439084001384312,0.1793698386126204,0.12115381765341464,0.22665220377525777,0.15457046434742097,0.21148168052198685,0.12222966785869377,0.08250224782346427,0.14268195476459358,0.3028333085694224,0.16896804477073182,0.24400259732829088,0.18456667280209707,0.07734519159870991
36,0.26177139431710184,0.15013736473939016,0.18445019293097262,0.12419519891856386,0.2288155345405362,0.157070464347421,0.21599388619105842,0.12517245565260623,0.08654823348829303,0.14771782608939915,0.3111693747879694,0.17073722537202726,0.24839577385558864,0.19161578622152795,0.08230301370120635
37,0.2702307087101245,0.15667494839086268,0.18990729839082948,0.12692466773135502,0.23084038021366787,0.15976304675098818,0.22035049037321677,0.12793831898979402,0.09008376739422577,0.15276658831394502,0.319586618992577,0.17229927530720857,0.2519426034257823,0.19886285459432543,0.0876067859436766
38,0.2782069233511682,0.16364703559628394,0.19575964834618934,0.1294426033937578,0.23258966578212142,0.16249251556377947,0.22465513902322293,0.13031529185459506,0.09298376739422577,0.15794539126443452,0.32805833664604017,0.17428421863133642,0.2548426034257823,0.20651138386471457,0.0929807974806944
39,0.2857871608144671,0.17083174157495848,0.2019281165515058,0.13174477628040204,0.23415491336637131,0.16532270990339645,0.2295592189573185,0.13227998012503392,0.0953182909002115,0.16326046417080192,0.33651765103906284,0.17686491621144923,0.25725092234154073,0.21457364161301312,0.09865353932216739
40,0.2929878552254249,0.1784612893990434,0.2084281165515058,0.13390347959489432,0.23558669547269892,0.1680430040051436,0.23497401350559094,0.13379325472007603,0.09715676853129657,0.16862050148410473,0.3446674976633865,0.18012988175491212,0.25944637218155076,0.22289950493161265,0.10487366793820115
41,0.29961658059309554,0.18630603286202552,0.21532231701276305,0.13622942026481685,0.23672687089779806,0.17066788495482482,0.24063086775508338,0.13469325472007604,0.09890319345095384,0.17403252513519873,0.35230948693320363,0.18388754060052329,0.26168244015905057,0.23130723946595647,0.11164788375997706
42,0.3059229266032666,0.1943868744023602,0.22252370576771854,0.13883710122689813,0.23763240941161182,0.17301095985759685,0.24623978922003528,0.1352589401450253,0.10137301125799954,0.17956876934946517,0.3595655189066723,0.1877501821836889,0.2638778899990606,0.23989560368739007,0.11880330128797639
43,0.3118051030712077,0.2026094044266289,0.23012633689121786,0.14169717115611313,0.2383395161927984,0.17534334061553497,0.2514320912143343,0.1357688420963845,0.10442096138882519,0.18516609013712787,0.36642481916252934,0.19135573345915288,0.2663838828162889,0.24859100477072146,0.12580401553725137
44,0.3173593807020072,0.21095266518007535,0.23795576854364323,0.1447204144476793,0.23890520161774761,0.17762807254729424,0.25652816813683055,0.13647594887757106,0.10739080986980867,0.19083089375243537,0.37290247305880997,0.19448782541182605,0.2694367503207837,0.25759600338260363,0.13292089687671463
45,0.32268291336368965,0.21941729748159924,0.24619227265643281,0.14794531754699866,0.2396052016177476,0.18034836664904125,0.2613333736475243,0.13746083465775066,0.1097253333757944,0.19653177087793092,0.3793963162968317,0.19731625253657226,0.2731583091339693,0.26682422097865105,0.14039418263332792
46,0.32798385667596913,0.22800391497628245,0.2545648469320066,0.15136291904512572,0.24052715606347688,0.18335668844033953,0.26598632969717695,0.13877612930154723,0.11129058096004428,0.2023093136081927,0.3858739701931123,0.19992393349865337,0.27754920881398937,0.27623963387453626,0.1481723572263799
47,0.33322408567859857,0.23652036963770112,0.263260248015338,0.15509922738357967,0.24191640046242185,0.18694695305454273,0.27038746591411,0.14037925125573542,0.11240861494879416,0.20803644203350335,0.3924230159251255,0.20273106726817702,0.2827357298059453,0.28553586967188993,0.15610330924993923
48,0.33860553529742804,0.24494058341170946,0.27217876807193925,0.15916001548442907,0.24377650798619568,0.19083025062233228,0.2749272896992364,0.1422897485731897,0.11341360251090625,0.21385021877500265,0.3988611833662535,0.20577244853332605,0.2885158682125927,0.2948272635393352,0.1640191162208046
49,0.3441273103743396,0.2533607971857178,0.2812853590916348,0.1631712497084554,0.24603924968599258,0.19477613455372206,0.2798037638353312,0.14452581655068947,0.11481716939566808,0.21962083399350416,0.40528924683824874,0.20926529837264068,0.29490492135057805,0.30409279104725395,0.17193492319166995
50,0.3499582622691848,0.2615887981580075,0.2906148821233873,0.1671724995132039,0.24880511302318045,0.19858139407181016,0.28531919672858613,0.14695892156280874,0.11662824642329553,0.22548769005105312,0.41123062714925396,0.2132677975918786,0.3020498496217365,0.3131949885841129,0.1798658752152293
51,0.356085251742001,0.2695700261337014,0.30011646093956307,0.17067820914179535,0.2521651725464628,0.2023029528849959,0.29150385516701266,0.14947685722521162,0.11868979923610436,0.2312678284577006,0.4168874813987463,0.21795501424998173,0.30989905340301266,0.3223557745765918,0.18741968220243782
52,0.3623621936725911,0.27735847912514977,0.30966894752683444,0.17370475833187976,0.25593876499928536,0.2057511408149092,0.2984500771617375,0.15189553454970114,0.12114132937053063,0.2369818463085652,0.4220070516932144,0.22328886839121964,0.31854428330163304,0.3316794004807131,0.1943917694078591
53,0.3689081848122123,0.2848771226198235,0.3193936583194494,0.17631243929396076,0.2600570170556802,0.20941856497908762,0.3061194969572632,0.1541158948808186,0.12386162347227771,0.2427507283493075,0.4266643041020924,0.2293921461990865,0.32774482676384226,0.34118097929688884,0.2006287558596642
54,0.37555649286765014,0.29205765184823,0.32925519978110734,0.1785215114973982,0.26475275980842977,0.21324609682088852,0.3142349143833724,0.15603943328698572,0.12721423439512577,0.24841200029119487,0.43118647172393043,0.2357952704365193,0.3373967695734532,0.35129483118427585,0.20620728613205672
55,0.38228330489118695,0.2988642662783267,0.3391040575829035,0.18067557742025198,0.26986059692407866,0.21732653797350923,0.32242881455362105,0.1575691391410636,0.13142018256408838,0.2540520357520763,0.43555224771451906,0.24221477197480087,0.3473290402101203,0.362119340411026,0.2111408446854743
56,0.38903089705432203,0.3054262781649358,0.34900203717471917,0.18323682711522515,0.2751747290263132,0.2215134222566009,0.33083833297027254,0.15877744373842306,0.13664033581854365,0.25973710391349697,0.43982424958717775,0.2483670073409097,0.3573789158312411,0.3733803350385001,0.21537876870555783
57,0.3958375114844186,0.31153365075877676,0.3590260084436325,0.1861437154859749,0.2809617835448053,0.225549509470723,0.3394696712210886,0.15972084185162871,0.14258844476172886,0.2652688305878727,0.44413238143288536,0.254289844498894,0.3678746292419627,0.3847372712450656,0.21942846005182112
58,0.4027440301443513,0.31733451276368607,0.36895576171347766,0.18938871163389243,0.2868820875910516,0.22930317434654762,0.3485998409894993,0.16064279629735798,0.14907304189647821,0.27071768367820276,0.4481820727791487,0.2602673021524454,0.3790576520891181,0.3957794630564771,0.22359139171112083
59,0.40969025213907634,0.3227796941197108,0.37888551498332274,0.19265367717735546,0.2929459147653698,0.2328017454834548,0.35818785433951084,0.16158619441056363,0.15565179557783762,0.2761628650342276,0.4520447143623143,0.2665322841955163,0.39115269239496253,0.4060799484819315,0.22793305038033934
60,0.41675141351664013,0.3281648589268454,0.38881375752669367,0.19569998641970088,0.29918290121717483,0.2363131554566707,0.3681004725607478,0.16282312609824892,0.16200868160796275,0.28147040683811386,0.45555612433553017,0.27342866005534294,0.4041326769866329,0.41592728314670246,0.23215323994954115
61,0.42390822845067344,0.333457306375805,0.3986980885612149,0.1985231052623997,0.3054797258137473,0.24007878953342324,0.37813491325268467,0.164223126098249,0.16817714981327922,0.28671063584074347,0.45866095927478223,0.2809758449609882,0.4174780881829955,0.4253898409404494,0.23576571832317894
62,0.4311193310016013,0.3387911605170429,0.40849706809992203,0.20125257407519093,0.3117447078568181,0.24440776169780593,0.3879761530119834,0.16614666450441615,0.17451197419916395,0.29191159729032173,0.4615764352222049,0.28864200436449655,0.43085904480051723,0.43479196835928385,0.2385976787748802
63,0.4384357508911374,0.344351736026826,0.4182140635203182,0.20391527946632967,0.3180096898998889,0.24934435971668495,0.39741278376665423,0.16823472580619825,0.181148991601582,0.29699195160867403,0.4645038914558658,0.29628987988649624,0.44369960553593685,0.44430511715450416,0.24105735355012975
64,0.44560513022271153,0.35015001163255566,0.42776026695414465,0.20660228523483856,0.3241497224730924,0.25488872622693654,0.40681491118548874,0.1704278970261444,0.18826657546129175,0.30195682824359654,0.46788767631900346,0.30347667333002853,0.45619600501738755,0.4535814310776095,0.24337683625107837
65,0.45263150909094796,0.3563346700709822,0.4373607877733502,0.20934819127838777,0.330190417797308,0.2611537082700074,0.4161642427123948,0.1725373993371172,0.1956102802483866,0.30698176605415695,0.47182341004983436,0.31041425215840945,0.4683787797423835,0.4624273340840867,0.24607868746829956
66,0.4593434387687679,0.3627984151154591,0.4467015586194849,0.21204077368195515,0.3361317981083132,0.26800060537745685,0.4256516027245373,0.17444789665457158,0.20299269177850332,0.31185824019025177,0.47635110261890307,0.3171224560909088,0.48061356621375284,0.4707032026185669,0.2488245935118491
67,0.4655175783849412,0.3696584442699161,0.4559373585307,0.21455870934435792,0.3418876646807764,0.27522556212473226,0.43469427931943994,0.1762836526296401,0.2101933861894612,0.3166436346358539,0.4814823792631701,0.3238966719126849,0.4928467178926947,0.47827221840663336,0.25137410326864545
68,0.4711122186772208,0.376859138680874,0.4650455965600885,0.21693568220915882,0.34744554197341254,0.28263164070924646,0.44324354829403656,0.1779328948798872,0.21718051721728654,0.32149028296227483,0.4869741913502684,0.33085512001553075,0.5047294785147051,0.4855344494687795,0.2535944635997627
69,0.476168897429129,0.3841939870092309,0.4738688612620002,0.2193769933323056,0.35293735406051097,0.2899323256086241,0.4515652067825831,0.17983552463893127,0.22416764824511193,0.32617216292656276,0.49279913770195277,0.33811115198899955,0.516333788059008,0.4926365618306054,0.2557157839433223
70,0.48042330690636553,0.3918497038274002,0.48256656210762594,0.22200187428198695,0.35825242696687826,0.29703866081040003,0.459565831758171,0.18173815439797533,0.23125072667189786,0.3309261086561646,0.49887943374737675,0.3457903446548988,0.5278858441530547,0.5000689235010302,0.258185601750368
71,0.484139487741578,0.39942664252320603,0.4910830167690446,0.22478036307987692,0.36354109409574925,0.3037394070375004,0.4672859353844185,0.18364865171542952,0.23865072667189788,0.3355586025849248,0.5051420210721173,0.35376655929594225,0.5396302045017497,0.5081646013602338,0.26095868667514077
72,0.487180869006727,0.40705881128444293,0.4993540505617455,0.22738036307987683,0.3685700104800213,0.3100402006383097,0.4746615709502528,0.18526110326508927,0.24643853766087287,0.3402115586345775,0.5113790075239223,0.3622010124495263,0.5516302045017497,0.5169201710161727,0.26387416262256336
73,0.48968686182395554,0.4145052869608955,0.5074063794174245,0.22985422645524736,0.37363952722227595,0.3159706306395828,0.4818622653612107,0.18656494374612975,0.2544516519118991,0.34493807955381617,0.5174617700542206,0.3709331370478127,0.5638943799734232,0.5263143181302007,0.26651423837905214
74,0.49182695527985865,0.42172885948423877,0.5150966329893166,0.23225422645524754,0.378563956123174,0.32165921570091394,0.48908029833425815,0.18729295473505786,0.2624778589862275,0.3496391432632335,0.5232617700542207,0.38008136091914413,0.5759960327531058,0.5360024552060271,0.26909493595916495
75,0.49359613588115414,0.4285998128387596,0.5226676302816157,0.23458874996123324,0.38348838502407206,0.32736009282640965,0.4961208948998909,0.18739295473505785,0.27021672195180585,0.3543402069726507,0.5288519399979702,0.3894733788066911,0.5877964564743119,0.545396602320055,0.27206814970862864
76,0.4953765852626307,0.4350472929666855,0.5299043422421679,0.23702390909361037,0.38834327946164743,0.33299036813051336,0.5030843710433124,0.18812096572398593,0.27773337014099236,0.3591568448041676,0.5340181765392058,0.3990551322996587,0.5992773101011115,0.5543593028059578,0.27542225167487827
77,0.4970970503160391,0.4410481262421565,0.5368094128428207,0.23944051828832932,0.3931847668364115,0.3386763157208451,0.5100219498716932,0.18933751823004555,0.2849735358849515,0.3640934428230466,0.5390391326234591,0.4084156878387281,0.6105573810228744,0.5624808790076565,0.2788354613080535
78,0.4988859046980389,0.446504315388438,0.5433858860618037,0.24158760934368767,0.3980765967598655,0.34431989614465414,0.517109967930361,0.19106378588020878,0.2923165597852258,0.36899650309189913,0.5441479485332371,0.4174958860744496,0.6216973989761813,0.5697972988971927,0.28223693157839247
79,0.500585904698039,0.45138078952453264,0.5497364765855267,0.24342336531875636,0.40296024293869537,0.3499811680865414,0.5241704211736026,0.19290769477166728,0.29969558411097513,0.37404130239415095,0.5495885367367312,0.42597291385545866,0.6324389072501622,0.5764071400450569,0.28590435574257095
80,0.5022411992337636,0.45573739370669103,0.5556778568965319,0.24472720579979673,0.40780173031345945,0.35571963478070284,0.5309615919121423,0.19467969928633422,0.3073513009291444,0.3791657535842784,0.5554408866920911,0.4338176573184408,0.6427616975706133,0.5823299772030412,0.2902367915470578
81,0.503717681539787,0.4596206912744806,0.5613099080326633,0.24593136525767598,0.4127109053969129,0.3615196347807028,0.5376884039356792,0.1960689436852792,0.3153743926025582,0.384479885686513,0.5616537765188948,0.440934538657904,0.6525525095900527,0.587645990747042,0.29507000993649574
82,0.5049259861371465,0.4629628462678943,0.5666249809390308,0.24736314736400367,0.41776461690431027,0.36738904701703445,0.544261835307497,0.19734956853276578,0.32386085240626894,0.3898650504936475,0.5678963721329002,0.4472914246880291,0.661711112103537,0.5922946464667098,0.30004394198267403
83,0.5057862186638507,0.4659326947488778,0.5715290608731264,0.24932783563444252,0.4229646169043103,0.3730476687573525,0.550955862495969,0.19876378209513884,0.33294325296999666,0.3953686856559743,0.5741333585847053,0.453143774643389,0.6699875847821604,0.5965100942483814,0.30495311706612743
84,0.5062334322593506,0.4684939444438509,0.5760301718470971,0.2519754760934172,0.4283097081102674,0.3785294567868189,0.5572906868818537,0.2006664118541829,0.34265767523794444,0.4010042867774165,0.5801641130980311,0.4584588475497562,0.6773801486134708,0.6002677530939926,0.3096732865546099
85,0.5063748536155879,0.47079611733049515,0.5802313621546171,0.25531313994707305,0.4338414347846431,0.3835033888329972,0.563121638776699,0.2031843475165858,0.35296980401914185,0.406822362060532,0.586254269089465,0.4637200261249426,0.6839899897613352,0.6036809627271679,0.3139534734664163
86,0.5067748536155878,0.47282096300362675,0.5841364869925705,0.25923359910385557,0.4396963472519649,0.3880343931366809,0.5689250860281176,0.20621089670667012,0.3634086736897527,0.41270538849256516,0.5924574940571733,0.46908006343824543,0.6901088131776465,0.6070750752768633,0.3177177795113601
87,0.5074819603967744,0.4746567189786953,0.5876493206066205,0.26333481843473755,0.4458168047512046,0.3919176907044704,0.5748284748853758,0.20981644798213403,0.37396755620638295,0.4187799255119601,0.5990794273096308,0.47468898490319755,0.6961296104670427,0.6109026071186643,0.3210479446724293
88,0.5083874989105881,0.4763567189786953,0.590789384300242,0.2677450338489775,0.45221992898863744,0.3950321730049499,0.5812292560876979,0.21361644798213406,0.3845359051786681,0.425048099089646,0.6058705980481706,0.4807056284857941,0.7022304300841106,0.615196789229381,0.32431291021589215
89,0.5093924864727002,0.4776605594597359,0.5935786494364382,0.27239798989863023,0.45892291339858504,0.39723444455950446,0.5876292560876979,0.21773591396694325,0.3953590285725872,0.43140813053610927,0.6128562977267997,0.4866537374289794,0.7084304300841106,0.6200732633654756,0.3279844221660294
90,0.5104365171235913,0.47886471891761506,0.596108471564573,0.2773799573814628,0.4659343326557683,0.39873777419734174,0.5939419417285325,0.22179670206779264,0.40646308188658026,0.4378896427053488,0.6198204918653917,0.4926311950825308,0.7145312497011784,0.62515066427539,0.33213291586856775
91,0.5114365171235914,0.47994638430025427,0.598301642784519,0.2828141086491401,0.47325894868666024,0.3994377741973417,0.6002925322522557,0.22600265023675528,0.41792519338490375,0.4445115759578061,0.6267775027177622,0.4981393708240988,0.7204320970979512,0.6303130280750461,0.33653745897767673
92,0.5127014281876586,0.48106441828900415,0.6003264884576507,0.28836838627993966,0.48080149467591343,0.39994767614870097,0.6069212576199262,0.23016558189605502,0.42924597074337173,0.4513233305041766,0.6335782379721299,0.5034280379529699,0.726332944494724,0.6352779047099686,0.3409112445234027
93,0.514413152464521,0.48228097079506377,0.602236985775105,0.2938765620215079,0.4885429415690982,0.4011181461397729,0.6139133960624916,0.23452218607821348,0.4403098760213465,0.4581913724376537,0.6404134409683838,0.5085942744942056,0.7325361694624323,0.6398659326087506,0.34544224882708635
94,0.5166335127956384,0.48375745310108714,0.6040970932988788,0.29922539366963435,0.49640678286963325,0.4030416845459401,0.6212188734596231,0.23920833588375742,0.4510453312981385,0.4652006520012038,0.6474027184703863,0.51387537286481,0.7389743369035602,0.6440432523235916,0.350212993003837
95,0.5194970770082938,0.48567839037231697,0.6058435182185361,0.30411313343357427,0.5043698224902806,0.405412338464166,0.6286821167224413,0.2442292919680107,0.46160421381476874,0.4722773744063854,0.6546449556937864,0.5194116170790765,0.7453304363363885,0.6478287509697409,0.35502339839215913
96,0.5229176032835912,0.488099134059699,0.607711672387763,0.30885127652976724,0.5124320802385792,0.4081418072769572,0.6360367071257201,0.24976101864238637,0.47225127913813364,0.4794195029406531,0.6621175723706941,0.5251500837732379,0.751593023661129,0.6513216008090555,0.35958410009255576
97,0.52658639054916,0.4910402222936695,0.6097216475119872,0.3135384931878704,0.5204943379868777,0.4106014820522069,0.6432067838338175,0.2555411570490338,0.4832102936923717,0.4867734134649932,0.669854496824248,0.5309810356680833,0.7576345466479263,0.6548216008090555,0.36380310471450167
98,0.5305713623181942,0.49452877500217196,0.6119239190665418,0.318608009930125,0.5285565957351763,0.4126263277253386,0.6499254146467137,0.26164443485690064,0.494481495935256,0.4940569565588453,0.6776647465001547,0.5366819127935789,0.7636760696347236,0.6586399774274629,0.36773883844533245
99,0.5344041158975417,0.4985212679577074,0.6143322379823002,0.32411618567169326,0.5364204370357114,0.4138304871832179,0.6564284908418694,0.26774771266476755,0.5058876346333431,0.5014846076007291,0.6853777225794643,0.542289942750703,0.7699194661462389,0.6624583540458703,0.3715467249982644
100,0.5380919336804586,0.5031699236773751,0.6170781440258494,0.33001025048300986,0.5440735409811704,0.41483048718321786,0.662735629654358,0.27357265901645184,0.517364568021666,0.5089122586426131,0.6927756952747368,0.5476751075578373,0.776440969040511,0.6660708324195079,0.37565160014861915
101,0.5413168367797782,0.508409198436347,0.6199643179637817,0.33631659649318085,0.5516273479683789,0.41622332601093626,0.6690995906850369,0.27923393095833904,0.5286862286772411,0.5163452930162724,0.6997849748382869,0.5528645198559691,0.7831766946881306,0.6694546172826458,0.38007200736967917
102,0.5442185604054874,0.5141962529548392,0.6231423676801958,0.342841931733611,0.5588964607065333,0.4181880142813751,0.6753964152816093,0.2844540842127943,0.5398951536926028,0.5238526227679219,0.7064069080907442,0.5577409939920637,0.7900389100738497,0.6726168949428141,0.38461733464062453
103,0.5466227234615219,0.5206344203959671,0.6265905556101091,0.3494222052841558,0.5659540807019708,0.4206578320884208,0.6812213616332936,0.28929557158755836,0.5506886702650642,0.5313599525195711,0.7126165779692483,0.5624025388003864,0.797273548972924,0.6757233398562158,0.38933750412910695
104,0.5488430837926391,0.5275409390558999,0.630326863948563,0.3561897750104312,0.5727282965237469,0.4237883272569205,0.6864136636275925,0.2939966352969757,0.5607549506108523,0.5388010545884854,0.7186074042895484,0.5667211033767241,0.8047253943819486,0.6786915042721471,0.3940809206193595
105,0.5512031685368803,0.5349409390559,0.6342562404894406,0.36296768029156345,0.5792059504200275,0.42733938343783345,0.6911306541936207,0.29857702829321514,0.570166114194597,0.5461766901543197,0.7244048175058025,0.570973161701818,0.8125151312196088,0.6815550684848023,0.39910585842992
106,0.5538280494865617,0.5427511887318066,0.6384323630930049,0.3694983770384657,0.5852887129503258,0.431583202472618,0.695245262315909,0.30318137406650364,0.578806137342714,0.553552325720154,0.7302571674611624,0.574973161701818,0.820435989758934,0.6843064317832418,0.4042166313655924
107,0.5567708372804742,0.5509810125452306,0.6429677792811843,0.37613539444088384,0.5911742885381507,0.4361875482459065,0.6988687965023077,0.3079699020240288,0.5869381727582789,0.5608632764107276,0.7359580445866583,0.5786090934943575,0.8281437780279512,0.686757961917668,0.4098112716578721
108,0.560072352084318,0.5595518934801171,0.6476002732099445,0.38259913948536084,0.5967644584819001,0.44115242488082906,0.7020072674676028,0.31297889393857614,0.5945539458641428,0.5681103447835251,0.7418172254167742,0.581655402736703,0.8358593467043354,0.6889602334722228,0.4159038901425631
109,0.5637737031889823,0.5684625612440953,0.6525247021108426,0.3889402750303557,0.6019432614323897,0.44631382004105463,0.7048725772239817,0.31819904719303144,0.6015410768919681,0.5752804214916225,0.747757764112886,0.584421266073891,0.8438104472570891,0.6911189367867151,0.4226091119882593
110,0.5675946978238909,0.5775052378389979,0.6577035050613321,0.39522040241759887,0.6069081380673124,0.451576898987831,0.7075352826151207,0.3238035097007122,0.6079605784302498,0.5822460513985297,0.7538388824310902,0.5872372916419567,0.8522158026927622,0.6934513175446532,0.43006162834181394
111,0.5714274514032384,0.5867815517621033,0.6630970196853968,0.4013815711378986,0.6115471034692097,0.45688444079171714,0.710377816695831,0.32955242264143414,0.6138614258270224,0.5891344474382474,0.7599609735770958,0.5904388537606732,0.8608442440352064,0.6964926988098022,0.43808472001522764
112,0.5753897739544701,0.5960010962193962,0.6687406001092058,0.4074023684272949,0.6157661080911555,0.4623488712286429,0.7133611034738662,0.3354218348777657,0.6194837029457707,0.5958187574250748,0.7657919254719411,0.5937914646835213,0.8690807481479961,0.6999755137632558,0.44632243814587524
113,0.579392273173708,0.6053402610642846,0.6745826887767972,0.4133192933042895,0.6197661080911555,0.4681669465117584,0.7165813519114871,0.3415512720460545,0.6249426405713532,0.6023624566846679,0.7710692353927245,0.5973085657625351,0.8763704669354391,0.7037398198081996,0.455035646510192
114,0.58320015972664,0.6146574494813984,0.6807031462760369,0.4191373685874052,0.6234876669043412,0.4742702243196253,0.7199100153069057,0.3477520784452256,0.6304535388647352,0.6087655809221009,0.7754154981551447,0.6003679774706908,0.8823320103597546,0.7074167750703696,0.4642898347511994
115,0.5868402146712802,0.6238769939386913,0.6870102850885255,0.4250203950194381,0.6269805167436557,0.4806592774576106,0.7231349184062251,0.3543709907425747,0.6356928136237071,0.6148876720681064,0.7787048749958244,0.6030698286879121,0.8871403364718231,0.7111369901179173,0.47462085599791076
116,0.5904137283483214,0.6329775433726541,0.6935110542737835,0.43092801721453505,0.6302500732885101,0.48717387644757154,0.7261030828221563,0.36124412685355056,0.6405312017850683,0.6208693106396017,0.7810818478606253,0.6053785079640351,0.8910236340396126,0.7149957463942321,0.48574290616863014
117,0.5936710278433018,0.6420384484047136,0.7002118005008838,0.437128823613706,0.633551588092354,0.49358168418501186,0.7289631527513712,0.36873945873412795,0.645192746593391,0.62649158775835,0.7829792144567264,0.6076145759415349,0.8942016837560268,0.7193866460742522,0.49707869021738477
118,0.5967074731334396,0.6509827203147128,0.7071183191608166,0.4435178767516912,0.6370171327825866,0.4999769949671397,0.7320111028821968,0.37696745970641765,0.6493556782526906,0.6319733757878162,0.7847256393763836,0.6098506439190347,0.8965426237381707,0.7240191400030124,0.5079690529294344
119,0.599303624130589,0.6598933880786909,0.7142359030205263,0.44997155787179627,0.6407063061317261,0.5062738195637122,0.7353532578756106,0.38582183715488905,0.6533368841001695,0.6371743372373945,0.7866491777825507,0.6120710042501522,0.8979638907785259,0.7289395058430694,0.5183925840010051
120,0.6015597269651247,0.6686626525860485,0.7215796078076212,0.4563606110097815,0.6446875119792049,0.5123541156091364,0.7391807897174115,0.3954680799467744,0.6571381996619191,0.6420158246121586,0.7890678551070404,0.6140809793743763,0.8987638907785259,0.7337561436745864,0.5286697431415458
121,0.6032714512419871,0.6775085555925257,0.729145980782832,0.4623422495812769,0.6489886746127262,0.5181799202745881,0.7430278665297457,0.40580877624828143,0.660450298694255,0.6466558677154067,0.7920678551070404,0.615721101321062,0.8999343607695979,0.7382114775565755,0.5390065705078124
122,0.6046856648043603,0.6863448444062755,0.7368563633933125,0.46754321103085517,0.6537938801234198,0.5237026007831818,0.7463894137925402,0.4166245055348344,0.6633571870650047,0.6508570580229266,0.7953980202681097,0.6177459469941936,0.9021547211007154,0.7425300421329134,0.5490065705078125
123,0.6056705505845399,0.695258878285502,0.7447011068562945,0.4720775246503569,0.6588574756838886,0.5287957334144805,0.7491097078942872,0.4278218266430281,0.6659378846451175,0.6547775171797092,0.7990104986417473,0.6206528353649432,0.9055912891562033,0.7465760277977421,0.5584049746276617
124,0.6065307831112441,0.704167862514919,0.7527061052947703,0.47576534243327406,0.6641810083455711,0.5335759007755674,0.7513097078942872,0.43912713513063695,0.6684117480204881,0.6583580199377028,0.802591001399741,0.624254223986017,0.9101519908565999,0.7505984648699658,0.5672616105578555
125,0.6074307831112442,0.713270060051778,0.7609523165460057,0.4788540314755702,0.6695893352587671,0.5384060146458607,0.752839413748365,0.4504593899812833,0.670813830450381,0.6616382638310743,0.8060895725366481,0.6281593488239704,0.9157982285419972,0.7547865431882403,0.5755802642950898
126,0.6083527375569734,0.7223722575886369,0.7692763780546684,0.48186235326686855,0.6750902442745571,0.5435324168930512,0.7537613681940942,0.461668314996645,0.6734614709093557,0.6644983337602893,0.8091309538017974,0.6319646083420585,0.9222866798210005,0.7589746215065147,0.5837196745931397
127,0.609382300571072,0.7315722575886369,0.7777534058356775,0.48500241696049007,0.6804911701211134,0.5492332940185469,0.7545229455046807,0.47267467679335157,0.6762273342465436,0.666939644883436,0.8115016077200233,0.6355867623973135,0.9292206541503444,0.7634746215065147,0.5914585375587179
128,0.6104453151523456,0.740872795207506,0.7862915555181321,0.4882412439086304,0.6857921134333927,0.555686975138652,0.7560493792569281,0.48343107024097143,0.6792422969328799,0.6690205100881046,0.813066855304273,0.639254186561492,0.9364407649528182,0.7683346626586037,0.5987940675327552
129,0.6112515409271754,0.7502733271073508,0.794989256363758,0.4916368292779003,0.6906961933674884,0.5629236870992043,0.7577256847183521,0.4940541583042418,0.6824438590515963,0.6706848417858138,0.8138284326148596,0.6429904948999458,0.9439839738190766,0.7735977416053801,0.6058431809521861
130,0.6118598171802052,0.7596733271073508,0.8037556695413351,0.49508501720781367,0.6953059655961349,0.5709840841117589,0.7592290143561894,0.5047471466611045,0.6859438590515963,0.6719886822668544,0.8142756462103595,0.6471964430689083,0.9518586166681207,0.7792986187308758,0.612343180952186
131,0.6123598171802052,0.7689754773963969,0.8125947871443541,0.4984091712355326,0.699449635467155,0.5797504972893361,0.7609053198176134,0.5157061612153425,0.6894438590515962,0.6727949080416842,0.815037223520946,0.6515645090024766,0.9597832617705843,0.7853591467606765,0.6180440580776819
132,0.6130878281691331,0.778277627685443,0.8214186185117364,0.501566701916302,0.7031604305302109,0.589165379126088,0.7630148221285864,0.5269440435781366,0.6925438590515962,0.6733048099930434,0.8163973705718195,0.6562217614113548,0.9675665772595002,0.7915599531598475,0.6231840969880404
133,0.6141076320718518,0.7874798013417048,0.8303343349720104,0.5043684870615265,0.7065219777930052,0.598916789280522,0.7656225030906674,0.5385548144397116,0.6953509928211198,0.6735284167907933,0.8185186909153792,0.660934510078534,0.9753563140971604,0.7977607595590184,0.627904266476523
134,0.6153725431359193,0.7964886858453489,0.8392393897163677,0.5070610694650938,0.709628422706407,0.6088122427820044,0.7684526974302843,0.5504059747204605,0.6979758737708012,0.6739756303862933,0.8216587546090007,0.6658385900126296,0.9828995229634189,0.8036019923056225,0.6323246736975829
135,0.616937790720169,0.805297772063567,0.8480960256465615,0.5100342832145575,0.7126698039715561,0.6188407022848393,0.7712329851851759,0.5623629810347517,0.7009288383828478,0.6749190284994989,0.8257391957616215,0.670676978173991,0.9905839227447941,0.8090425805091167,0.6366432382739207
136,0.6184642244724164,0.8139186768884679,0.8569062469831682,0.513279279362475,0.7158320816317245,0.628675843361611,0.7739988485223638,0.5741782254249452,0.7042903856456422,0.6763402955398541,0.8306595616016784,0.675515366335352,0.9983363417221199,0.8139670094100148,0.6406030362485654
137,0.6199906582246639,0.8223335446830324,0.8657164683197749,0.5169041931545535,0.7191016381765789,0.6384451831550668,0.7766615539135028,0.5855007693087197,0.7079673409078122,0.6781094761411496,0.836182242110272,0.6801993817068042,1.0060887606994457,0.8186488893743026,0.6440743472401074
138,0.6213360206293712,0.8304637353327036,0.8744823111200993,0.5207317249963545,0.7227704254421476,0.6478823437449901,0.77931861996462,0.5961834655975787,0.7116169984259911,0.6803766329509006,0.8421370720826558,0.6846904840213812,1.0137045338053097,0.823184305562482,0.6473193433880248
139,0.6224176860120103,0.8382950825986598,0.8831592921619134,0.524937673165317,0.7267965898699872,0.6571002610802671,0.7820260172387563,0.6061081822182184,0.7152169984259911,0.6831352557957273,0.8484052456603417,0.6889659956866676,1.0211139872264468,0.8276564415174815,0.650420955871879
140,0.6230579984357537,0.8459272513598968,0.8916126938440766,0.5296546637313453,0.7309942082423503,0.6659195581044068,0.784870309769422,0.6153737097261371,0.7187680546069041,0.6863180218882952,0.854666235997341,0.6931253225552847,1.0286086519954674,0.8318337612323226,0.6537451098995979
141,0.6233742262017705,0.8532709561469916,0.9000660955262397,0.535067611172435,0.7355833258045839,0.6742050876589978,0.7880325874295904,0.6240050479769531,0.722319110787817,0.6899249596476694,0.860740773016736,0.6973026422701257,1.0361888894587663,0.8357170588001122,0.6570992118658476
142,0.6235978329995204,0.8604053797396863,0.9083425682048631,0.5414205632421424,0.740313019240738,0.6819076846236585,0.7916726423742306,0.632226969893391,0.7259536671568942,0.6939560885218187,0.8664020449586233,0.7014799619849668,1.0441147963469402,0.8390711607663618,0.6608328428063664
143,0.6240101435620822,0.8673516017344113,0.9164838211796822,0.5487778725329089,0.7451894933768327,0.6890665951552967,0.7959446442468894,0.6403958131407547,0.7296752259700799,0.6984837810908874,0.8715682814998591,0.7055247116681981,1.0522640294396919,0.8418711607663618,0.6646381023244545
144,0.624618419815112,0.8740991938975462,0.924355288641344,0.5568233681671131,0.7502184097611048,0.6956907932199684,0.8005064421380722,0.6487366764054293,0.7333873682087341,0.7034335285591933,0.8762522968713112,0.7094298365061514,1.0607020386835835,0.8442481336311627,0.6684381023244546
145,0.6252508753471456,0.8808467860606811,0.9321379617039878,0.5653380613500764,0.7553448120082952,0.7019173492503916,0.8050868351343118,0.6572578265625384,0.7369101511994958,0.7087373008016636,0.8804582450402739,0.7130423148797892,1.0693859318197292,0.8463882270870661,0.6719438119530461
146,0.6258339705366301,0.8874838034630992,0.9396512832064925,0.5736867139359729,0.7604014907602035,0.707853678082254,0.8096966073629582,0.6662166211243085,0.739738578324242,0.7146067130379954,0.8842857768820748,0.7163949258026373,1.0780074166106455,0.8483605353793977,0.6749802572431839
147,0.6262582346053422,0.894132111518537,0.9469861315348495,0.5818708449222171,0.7654552022676008,0.7136338164889013,0.8142759086197003,0.6754090092797336,0.7418972816387343,0.7207589484041041,0.8876872471524138,0.7198431137325506,1.0861762598580091,0.8503829102210134,0.6777005513449311
148,0.6266582346053422,0.9007593281288494,0.9540973902138739,0.5895552447035923,0.7705659752032731,0.7192418464460254,0.8186588300198626,0.684714921379039,0.7435616133364435,0.727407256459542,0.8906839119651682,0.7236614903509581,1.0935640876849146,0.852504230564573,0.6804024025621525
149,0.627464460380172,0.9074861401523863,0.9609420961973328,0.596822293623202,0.7756137469889227,0.7246870278020502,0.8224535632120646,0.6938828000867882,0.7451427521665277,0.7344079707088168,0.8929664544072707,0.7279626529844794,1.1001077869445077,0.8546419863972162,0.6832202031228735
150,0.6286686198380513,0.9142129521759231,0.967573084057373,0.6037562679525459,0.780554394719737,0.7298095271919964,0.8260881195811419,0.7030063958691538,0.7473563465286456,0.7417632409281901,0.8946869194606794,0.7327927668547727,1.106028090990754,0.8566519615214404,0.6863522950755463
151,0.6304378004393466,0.9211245366541742,0.9739808917948133,0.610497929468819,0.7853345620808239,0.7344420211207566,0.8300893693858904,0.7117722386694783,0.7504611814678976,0.7495427010637008,0.8959597116668151,0.7378849176773623,1.1115598176651298,0.8583549001580331,0.6899744491308013
152,0.6326400719939012,0.9281309622764154,0.9800907199429694,0.6167748713994091,0.7898952637812203,0.7386964305979931,0.8347904330953076,0.7203308600537901,0.7544873458957372,0.7576771955163388,0.8970777456555651,0.7428668851601947,1.1169338292021476,0.8600578387946257,0.6936865913694557
153,0.63528014775039,0.9352337786192474,0.9859430698983291,0.622468727737604,0.7943952637812204,0.7425874458896619,0.8400904330953076,0.7288754489848037,0.7591745625538403,0.7660944397209465,0.8981957796443149,0.7474679719883256,1.12191579668498,0.8616609607488139,0.6974944779223874
154,0.6382483121663212,0.9425344635186249,0.9916351696866322,0.6276658423216784,0.7985569941905574,0.7461651546536615,0.8457904330953077,0.7378253093189096,0.764210433878646,0.7747944397209465,0.8996722619503382,0.7517969441527083,1.1263935193204275,0.8632888428084238,0.7010679915994286
155,0.6415589012377706,0.9499371657279536,0.9970471933377262,0.6320952892397484,0.802553242431095,0.7497498443194485,0.8514939407879473,0.7472428461518611,0.7693192497884239,0.7839911782732812,0.9013365936480476,0.756125916317091,1.1300623065859965,0.8648888428084238,0.7044517764625664
156,0.6449765027358975,0.9573432443124679,1.002189177390599,0.6358966048014979,0.8064003192434293,0.7535300559537357,0.8573016942262399,0.7574261658463418,0.7742233297225196,0.7933292722972244,0.9032575309192774,0.7607302620903795,1.1333683616369599,0.8664119974295966,0.7076720249001872
157,0.6484478137274395,0.9648598925016544,1.0070922376594516,0.6395215185935764,0.8101003192434292,0.7574898539283803,0.8633091895445901,0.76817511928377,0.7787631535076461,0.802950083073869,0.9051176384430513,0.765639437173833,1.136846867063145,0.8682559063210551,0.7110021900612565
158,0.6519492420074419,0.9724920612628912,1.011761284671423,0.6431062082593635,0.8136905838576325,0.7617700408401868,0.8692303380818251,0.7795650270972688,0.7828862591332638,0.812858665212601,0.9066987772731355,0.7709347180917825,1.1410061939317622,0.8704513561610652,0.7148035056230063
159,0.6553624516406169,0.980157568421586,1.01618960263652,0.6468758236243575,0.8172034174716825,0.7662977334092556,0.8748739185056341,0.7913242787741401,0.7866198900737826,0.823049837863479,0.9078692472642074,0.776319882898917,1.1457947218892872,0.8725608584720381,0.7192812282584539
160,0.6588553014799315,0.9878367610874852,1.0204003032908056,0.6511243527816071,0.8209088189344123,0.7709987971186728,0.8804182850158857,0.8033750048933413,0.7899092669144623,0.8333823109459504,0.9088742348263196,0.7813795271551864,1.1513705626330675,0.8744047673634966,0.7236641496586163
161,0.6623092846877657,0.9955471436979657,1.0244003032908056,0.6557891142974833,0.8246744530111648,0.7757789644797597,0.8860191778018619,0.8156424414633832,0.7927885029242399,0.8439298225008149,0.9097686620173194,0.7863564740104382,1.157805622850346,0.875966817298678,0.7276566426141517
162,0.6657978373962681,1.0031956729683549,1.0282055628088937,0.6608881338110761,0.8287266129290358,0.7808277267043054,0.8916910381668568,0.8278342419866856,0.7955777680604361,0.8546927217384739,0.910831676598593,0.7911418684560403,1.1648511888318693,0.8776311489963872,0.7311737436931655
163,0.6692110470294433,1.01086444079637,1.0318277168641488,0.666573201972497,0.8328119525721989,0.7864286194902816,0.8977076817494533,0.8400771991458037,0.7984061951851822,0.8655301568593871,0.9118946911798663,0.7962896835265338,1.1723983737375145,0.8795179452227986,0.734626278993492
164,0.6725397104248619,1.018480213902234,1.0352990278556908,0.6731245377141607,0.8370167117805246,0.7926680104862043,0.9039374490003222,0.8521705857682516,0.8017198034903384,0.8765755178765742,0.9130348666049655,0.8019500722057676,1.180137236703093,0.8817851020325496,0.7382165436076952
165,0.6759529200580372,1.0260729736113252,1.038597512356185,0.6804593860425175,0.8413583704497432,0.799753911981427,0.910262004320659,0.8641225730507079,0.8056210853309647,0.8876290241076304,0.9141118995663924,0.8084692746109704,1.1879474863789996,0.8842609857131775,0.741927338670751
166,0.6793070220242868,1.033591617105999,1.0416991248400391,0.6886940687929336,0.8457149746319016,0.8074226798094422,0.9163026996448745,0.8758682105387288,0.810230857559611,0.8988988954467364,0.9153284520724521,0.81595793270171,1.1957577360549063,0.8867449341828524,0.7457912744880233
167,0.6826311760520059,1.0409895898012715,1.044653782180578,0.6974604819705109,0.8499587936666861,0.8155035213497769,0.9219000204325372,0.8871292051662028,0.8153112118779632,0.9101598900742104,0.9167320189572139,0.8242813935203841,1.2037088366076598,0.889214751989898,0.749592590049773
168,0.6861240258913203,1.0484421061548264,1.0475190919369568,0.7064549246992184,0.8540392348193068,0.8236059901093588,0.9267764945686319,0.8977593509789374,0.8207518000814573,0.9215053737571567,0.918381261207461,0.8336861795360251,1.211535074528909,0.8917445741180328,0.7535130492065555
169,0.689659559797253,1.0556788181153787,1.0502393860387038,0.715497601294121,0.85794435965726,0.8312962436812509,0.9314839354870077,0.9076087164407325,0.8263598300385813,0.932850857440103,0.9200305034577081,0.8438694992305059,1.2192480506082186,0.8945338392542289,0.7571255275801932
170,0.6934608753590027,1.0629781331517365,1.0528642669883852,0.7241981759877836,0.8616321774401772,0.8383368402468837,0.9365287347892595,0.9164817091714856,0.8318160191848628,0.9441313716127814,0.9214447170200812,0.8547983601043572,1.2269402544536714,0.8974749274881996,0.7600272512059025
171,0.6972621909207524,1.070035753147174,1.0553401506690132,0.7329027724746979,0.8649563314678961,0.8447157116204105,0.9419407584403534,0.9245247185585248,0.8371395518465453,0.9554883078193469,0.9225492531217999,0.8663646905509595,1.2348459486040924,0.9005163087533486,0.7621367535168755
172,0.7009837497339381,1.0770614203752742,1.0578401506690132,0.7414613938590097,0.8680708137683756,0.8502383921290041,0.9473166304626397,0.9317094245371992,0.8425107714473437,0.9667688219920255,0.9234036534963317,0.8782158508317085,1.242908206352391,0.903678586413517,0.764198306329684
173,0.7047173806744568,1.0840642769352788,1.0601725314269512,0.7503343865897629,0.8706320634633488,0.8552423905302828,0.9527286541137336,0.93797440658027,0.8482413909601014,0.9779209518334503,0.9240439659200751,0.8904959159781155,1.250919448453339,0.9070844636867023,0.7671664707456152
174,0.7080550445281126,1.0908650121896466,1.062549504291752,0.7597365140085975,0.8728792839687732,0.8598434773584138,0.9584775670544556,0.9437683689550184,0.8548277404801314,0.9889961493486191,0.924468229988787,0.9031228712722471,1.2586272367223563,0.910707997873101,0.7709743572985474
175,0.711081593718197,1.097583643002543,1.0648581835678752,0.7698972226453019,0.8747150399438418,0.8639483525087686,0.9647425490975264,0.9491050345806689,0.8620478512826053,0.999944208537352,0.9247682299887869,0.916235460642772,1.2656848567177938,0.9146904594234491,0.7749593290675816
176,0.7135995293805998,1.1041456548891522,1.0672119040270631,0.7808013503041292,0.8762447457979197,0.8674497807887709,0.9718446614593523,0.9541140264952161,0.8694539298671196,1.0108295197409878,0.9251924940574988,0.9298049116265074,1.2719490406231402,0.9187364450882778,0.7792767356965662
177,0.7157019089847626,1.1105783837035823,1.069613986456956,0.7925337839817597,0.8774447457979198,0.870411199367763,0.9794604345652163,0.9589306643267331,0.8767648805576933,1.0214962905738125,0.925920505046427,0.9438850394668361,1.2776979535638622,0.9225574397231863,0.7842496624002286
178,0.7174048476213553,1.1168145684346498,1.071913986456956,0.8047374719489275,0.8785627797866696,0.8728810171748087,0.987809087151113,0.9634428699958045,0.884401633794508,1.032022448467365,0.926925492608539,0.958227284758282,1.2827199053756582,0.926095800925777,0.7900806142950738
179,0.7188914544960869,1.1228552637588654,1.0743470914690754,0.8172774081529122,0.879783435348243,0.875266389263184,0.9968340525250079,0.9677510018415121,0.8925410440925579,1.0422840272932572,0.9280656680336382,0.9724835114680395,1.2872740243903524,0.929207070762998,0.7964335663647815
